PreferredTerm,Active,Notes
Migration,True,Open Museum CMS starter subject term; review/adapt locally
Immigration,True,Open Museum CMS starter subject term; review/adapt locally
Emigration,True,Open Museum CMS starter subject term; review/adapt locally
Community identity,True,Open Museum CMS starter subject term; review/adapt locally
National identity,True,Open Museum CMS starter subject term; review/adapt locally
Community organisations,True,Open Museum CMS starter subject term; review/adapt locally
Clubs and associations,True,Open Museum CMS starter subject term; review/adapt locally
Religion,True,Open Museum CMS starter subject term; review/adapt locally
Religious life,True,Open Museum CMS starter subject term; review/adapt locally
Festivals and celebrations,True,Open Museum CMS starter subject term; review/adapt locally
Language,True,Open Museum CMS starter subject term; review/adapt locally
Education,True,Open Museum CMS starter subject term; review/adapt locally
Work and labour,True,Open Museum CMS starter subject term; review/adapt locally
Domestic life,True,Open Museum CMS starter subject term; review/adapt locally
Foodways,True,Open Museum CMS starter subject term; review/adapt locally
Family,True,Open Museum CMS starter subject term; review/adapt locally
Childhood,True,Open Museum CMS starter subject term; review/adapt locally
Gender,True,Open Museum CMS starter subject term; review/adapt locally
Military service,True,Open Museum CMS starter subject term; review/adapt locally
War and conflict,True,Open Museum CMS starter subject term; review/adapt locally
Politics and government,True,Open Museum CMS starter subject term; review/adapt locally
Sport,True,Open Museum CMS starter subject term; review/adapt locally
Music,True,Open Museum CMS starter subject term; review/adapt locally
Dance,True,Open Museum CMS starter subject term; review/adapt locally
Art,True,Open Museum CMS starter subject term; review/adapt locally
Architecture,True,Open Museum CMS starter subject term; review/adapt locally
Craft,True,Open Museum CMS starter subject term; review/adapt locally
Tourism,True,Open Museum CMS starter subject term; review/adapt locally
Maritime life,True,Open Museum CMS starter subject term; review/adapt locally
Agriculture,True,Open Museum CMS starter subject term; review/adapt locally
Commerce,True,Open Museum CMS starter subject term; review/adapt locally
Commemoration,True,Open Museum CMS starter subject term; review/adapt locally
Heritage and memory,True,Open Museum CMS starter subject term; review/adapt locally
